Title,URL,Advertiser,Location,Area,Listing Date,Salary,Classification,Sub Classification,Work Type,Short Description
iOS Developer,https://www.seek.com.au/job/40504087?type=standard#searchRequestToken=804de54f-aa9b-49c5-96fa-5e4c39b5c3d7,Just Digital People,Brisbane,CBD &amp; Inner Suburbs,14d ago,"",Information &amp; Communication Technology,Developers/Programmers,Contract/Temp,Work with the latest in iOS Development tools with one of the largest used platforms in Australia - CALL JUSTIN ON 0433 773 568
Mobile Developer,https://www.seek.com.au/job/40514631?type=standout#searchRequestToken=804de54f-aa9b-49c5-96fa-5e4c39b5c3d7,Recon Solutions,Brisbane,CBD &amp; Inner Suburbs,13d ago,"",Information &amp; Communication Technology,Developers/Programmers,Contract/Temp,3 + 3 month contract for a Senior IOS Developer for a large ASX listed organisation in the Brisbane CBD.
Senior IOS Developer,https://www.seek.com.au/job/40507637?type=standout#searchRequestToken=804de54f-aa9b-49c5-96fa-5e4c39b5c3d7,Emanate Technology Pty Ltd,Brisbane,CBD &amp; Inner Suburbs,14d ago,"",Information &amp; Communication Technology,Developers/Programmers,Contract/Temp,Looking for a Senior IOS Developer to help on an integration project with one of Australia's largest products and brands.
.Net Developer (Digital Developer),https://www.seek.com.au/job/40565987?type=standout#searchRequestToken=804de54f-aa9b-49c5-96fa-5e4c39b5c3d7,Talent ‚Äì Winner ‚ÄòSeek Large Recruitment Agency of the Year‚Äô 3 consecutive years!,Brisbane,"",5d ago,"",Information &amp; Communication Technology,Developers/Programmers,Contract/Temp,Our client is seeking a talented .Net Developer to build and maintain digital apps for a leading organisation on an exciting digital transformation
Full Stack Developer (C#),https://www.seek.com.au/job/40517991?type=standard#searchRequestToken=804de54f-aa9b-49c5-96fa-5e4c39b5c3d7,Hydrogen Group Pty Ltd,Brisbane,CBD &amp; Inner Suburbs,12d ago,Competitive Salary,Information &amp; Communication Technology,Developers/Programmers,Contract/Temp,Excellent opportunity for an experienced Developer to join an organisation on an exciting project on an initial contract basis based in Brisbane CBD.
Mid-Level ETL Developer,https://www.seek.com.au/job/40558495?type=standout#searchRequestToken=804de54f-aa9b-49c5-96fa-5e4c39b5c3d7,Flight Centre Travel Group,Brisbane,"",6d ago,"",Information &amp; Communication Technology,Engineering - Software,Full Time,Flight Centre Travel Group is seeking an Mid-Level ETL Developer to join our Corporate Technology team.
iOS Developer,https://www.seek.com.au/job/40516717?type=standard#searchRequestToken=804de54f-aa9b-49c5-96fa-5e4c39b5c3d7,Affix Group,Brisbane,"",13d ago,"",Information &amp; Communication Technology,Developers/Programmers,Full Time,üê¶ Swift + Obj C Guru needed for an incredible studio building apps for Spotify + Bose + MTV!! üéµ
Support Engineer,https://www.seek.com.au/job/40510863?type=standout#searchRequestToken=804de54f-aa9b-49c5-96fa-5e4c39b5c3d7,Gaia Resources,Brisbane,CBD &amp; Inner Suburbs,13d ago,"$60,000 - $79,999 plus super",Information &amp; Communication Technology,Help Desk &amp; IT Support,Full Time,We are looking to add a support engineer to our team to assist with the delivery of support to our clients across a variety of different technologies.
User Interface Engineer (Graduate),https://www.seek.com.au/job/40503094?type=standard#searchRequestToken=804de54f-aa9b-49c5-96fa-5e4c39b5c3d7,YQueue Australia Pty Ltd.,Brisbane,"",14d ago,"$40,000 - $59,999",Information &amp; Communication Technology,Engineering - Software,Full Time,We are looking for a graduate software engineer to join our growing team to support the development of our various products.
